<install>
    <name>ofxKinectNui</name>
	
	<version>0.03</version>
	<author>sadmb</author>
	<url>http://annolab.com/</url>
	<requires>Kinect for Windows, Visual Studio2010 on Windows 7 (or 8 preview), Kinect SDK 1.0</requires>
	<add>	
		<!-- 	=====================================================================	-->
		<!--	========================== add per project using this addon =========	-->
		<!-- 	=====================================================================	-->
	
		<src>
			<folder name="addons/ofxKinectNui/src">
				<file>../../../addons/ofxKinectNui/src/ofxKinectNui.h</file>
				<file>../../../addons/ofxKinectNui/src/ofxKinectNui.cpp</file>
				<file>../../../addons/ofxKinectNui/src/ofx3DBaseVideo.h</file>
				<file>../../../addons/ofxKinectNui/src/ofxKinectNuiCalibration.h</file>
				<file>../../../addons/ofxKinectNui/src/ofxKinectNuiCalibration.cpp</file>
				<file>../../../addons/ofxKinectNui/src/ofxKinectNuiPlayer.h</file>
				<file>../../../addons/ofxKinectNui/src/ofxKinectNuiPlayer.cpp</file>
				<file>../../../addons/ofxKinectNui/src/ofxKinectNuiRecorder.h</file>
				<file>../../../addons/ofxKinectNui/src/ofxKinectNuiRecorder.cpp</file>
			</folder>
			<folder name="addons/ofxKinectNui/src/kinect/nui">
				<file>../../../addons/ofxKinectNui/src/kinect/nui/Kinect.h</file>
				<file>../../../addons/ofxKinectNui/src/kinect/nui/Kinect.cpp</file>
				<file>../../../addons/ofxKinectNui/src/kinect/nui/KinectContext.h</file>
				<file>../../../addons/ofxKinectNui/src/kinect/nui/KinectContext.cpp</file>
				<file>../../../addons/ofxKinectNui/src/kinect/nui/KinectListener.h</file>
				<file>../../../addons/ofxKinectNui/src/kinect/nui/AudioStream.h</file>
				<file>../../../addons/ofxKinectNui/src/kinect/nui/AudioStream.cpp</file>
				<file>../../../addons/ofxKinectNui/src/kinect/nui/StatifMediaBuffer.h</file>
				<file>../../../addons/ofxKinectNui/src/kinect/nui/WaveOutput.h</file>
				<file>../../../addons/ofxKinectNui/src/kinect/nui/WaveFileWriter.cpp</file>
				<file>../../../addons/ofxKinectNui/src/kinect/nui/ImageStream.h</file>
				<file>../../../addons/ofxKinectNui/src/kinect/nui/ImageStream.cpp</file>
				<file>../../../addons/ofxKinectNui/src/kinect/nui/ImageFrame.h</file>
				<file>../../../addons/ofxKinectNui/src/kinect/nui/ImageFrame.cpp</file>
				<file>../../../addons/ofxKinectNui/src/kinect/nui/SkeletonEngine.h</file>
				<file>../../../addons/ofxKinectNui/src/kinect/nui/SkeletonEngine.cpp</file>
				<file>../../../addons/ofxKinectNui/src/kinect/nui/SkeletonFrame.h</file>
				<file>../../../addons/ofxKinectNui/src/kinect/nui/SkeletonFrame.cpp</file>
			</folder>
			<folder name="addons/ofxKinectNui/src/win32">
				<file>../../../addons/ofxKinectNui/src/win32/Event.h</file>
				<file>../../../addons/ofxKinectNui/src/win32/Event.cpp</file>
				<file>../../../addons/ofxKinectNui/src/win32/SpinLock.h</file>
			</folder>
		</src>
		<include>
			<path>../../../addons/ofxKinectNui/src/</path>
			<path>$(KINECTSDK10_DIR)/inc</path>					</include>
		
		<link>
			<lib os="win32" compiler="visualstudio">$(KINECTSDK10_DIR)/lib/x86/Kinect10.lib</lib>
			<lib os="win32" compiler="visualstudio">$(VCInstallDir)/lib/msdmo.lib</lib>
			<lib os="win32" compiler="visualstudio">$(VCInstallDir)lib/dmoguids.lib</lib>
			<lib os="win32" compiler="visualstudio">$(VCInstallDir)lib/amstrmid.lib</lib>
			<lib os="win32" compiler="visualstudio">$(VCInstallDir)lib/winmm.lib</lib>
			<lib os="x64" compiler="visualstudio">$(KINECTSDK10_DIR)/lib/amd64/Kinect10.lib</lib>
			<lib os="x64" compiler="visualstudio">$(VCInstallDir)/lib/msdmo.lib</lib>
			<lib os="x64" compiler="visualstudio">$(VCInstallDir)lib/dmoguids.lib</lib>
			<lib os="x64" compiler="visualstudio">$(VCInstallDir)lib/amstrmid.lib</lib>
			<lib os="x64" compiler="visualstudio">$(VCInstallDir)lib/winmm.lib</lib>

		</link>
	</add>
	 
</install>
